address,depth
1E6MdxziqSpR9PMoZF3RAPPGfosyemuyxn,2
1PJnjo4n2Rt5jWTUrCRr4inK2XmFPXqFC7,2
1JqQwe56DCFnssi7z6mdtQw7cokiSmgkSp,2
19N7ynZJ9DCDjZzWdh5rLXJMNDroZyaoDS,2
1DV4RzhCc4L6WdXVaHnknsJ8rh9wqTse3W,1
1MbHPg41EEvaazsBRadekD451jdJ1HY4QT,1
1KpusMSaQ3HChQqVALLxpmfAnVy4WPdPVd,2
1LJpkLYTyCpJBBdsiKavj1Qhau4rmU5S2B,2
14usxyaYX1CVF5V3Eevoi1LS7BzBmK35tM,2
18YLNgNxoemMoG8JQhZmeNYJ666XZrkoKw,2
12MX2dkhEYDswyw15X3bFgP1WFbGBnaBXp,2
16XJCyW96bhuMUkJnY8zaSGPAmVnZZFP2d,1
1KtaRxFSR8rcPWSdHpk3NUijfAEni8d12y,2
1D9PKMPMywZsFx72s5UfVw7ZpA6ffZo7ut,2
1FxwdX45xe3witsXxX2A443biRw9qdMRGH,1
1LSKv48tzSuktUB2TDnPWgH31XRTT2L3k9,2
16kR9CVpQnLBwrzRCThSdCV5qLJYCCuRaP,1
1AShoqCvLa3cXGg4NxbuKAFhd99d99jkum,1
1GKz5FXPoYoM7s2tF7CH7EcWreTJCUQd54,1
1L8B3q4FoNmmF9daBiuxw2XxZ1CaViKZ6F,2
1HaNALxw6D86LM1hcxwxVN6etHgGZvyxh6,2
1N9SCpvNYui1XngWL2HRbwiPgs5Vdb8upa,2
19V65AzhxnAdTd5enGceoSTgWM7piamDhu,2
18Eb7AuvRmxnD6sx1zPTmroSX8c2mY3gNQ,2
1L75oqLe6tTa5nuRp3Ssy3mPjwBJgY2Z31,2
1Pku2sYE9Lo12G2Ro4Vf8XC1321hwQqtCb,2
188Dxz2f1H8AZX3tBHQdJYduys71wQL8GR,2